{
  "site": {
    "title": "EquiShare - STEM 4 Kids",
    "base_url": "https://pinwheel-astro.vercel.app",
    "base_path": "/",
    "trailing_slash": false,
    "favicon": "/images/favicon.png",
    "logo": "/images/logo-equishare.png",
    "logo_width": "100",
    "logo_height": "100",
    "logo_text": "EquiShare"
  },

  "settings": {
    "pagination": 6,
    "summary_length": 100,
    "blog_folder": "blog"
  },

  "call_to_action": {
    "title": "Helping teams in the world with focus",
    "description": "Lorem ipsum dolor sit sed dmi amet, consectetur adipiscing. Cdo tellus, sed condimentum volutpat.",
    "button": {
      "label": "Download The Theme",
      "link": "https://themefisher.com/astro-themes/pinwheel-astro"
    }
  },

  "disqus": {
    "enable": true,
    "shortname": "themefisher-template",
    "settings": {}
  },

  "params": {
    "footer_description": "Lorem ipsum dolor sit sed dmi amet, consectetur adipiscing. Cdo tellus, sed condimentum volutpat.",
    "email": "info@equishare.io",
    "location": "Harvard University Massachusetts Hall Cambridge, MA 02138",
    "phone": "+704-555-0127",
    "contact_form_action": "#",
    "copyright": "Copyright © 2024 a theme by [Themefisher](https://themefisher.com)"
  },

  "metadata": {
    "meta_author": "Themefisher",
    "meta_image": "/images/og-image.png",
    "meta_description": "pinwheel astro"
  }
}
