{
  "main": [
    {
      "name": "Home",
      "url": "/"
    },
    {
      "name": "About",
      "url": "/about"
    },
    {
      "name": "Shop",
      "url": "/shop"
    },
    {
      "name": "Experiments",
      "url": "/experiments"
    },
    {
      "name": "Blog",
      "url": "/blog"
    },
    {
      "name": "Contact",
      "url": "/contact"
    }
  ],

  "footer": [
    {
      "name": "About",
      "url": "/about"
    },
    {
      "name": "Contact",
      "url": "/contact"
    },
    {
      "name": "Experiments",
      "url": "/experiments"
    }
  ]
}
