{
  "main": [
    {
      "name": "Home",
      "url": "/"
    },
    {
      "name": "About",
      "url": "/about"
    },
    {
      "name": "Blog",
      "url": "/blog"
    },
    {
      "name": "Features",
      "url": "/features"
    },
    {
      "name": "How It Works",
      "url": "/how-it-works"
    },
    {
      "name": "Pages",
      "url": "",
      "hasChildren": true,
      "children": [
        {
          "name": "Career",
          "url": "/career"
        },

        {
          "name": "Integrations",
          "url": "/integrations"
        },

        {
          "name": "Pricing",
          "url": "/pricing"
        },
        {
          "name": "Sign In",
          "url": "/signin"
        },

        {
          "name": "Elements",
          "url": "/elements"
        },
        {
          "name": "Changelog",
          "url": "/changelog"
        },
        {
          "name": "Terms And Conditions",
          "url": "/terms-and-conditions"
        }
      ]
    },
    {
      "name": "Contact",
      "url": "/contact"
    }
  ],

  "footer": [
    {
      "name": "About",
      "url": "/about"
    },
    {
      "name": "Contact",
      "url": "/contact"
    },
    {
      "name": "Elements",
      "url": "/elements"
    },
    {
      "name": "Changelog",
      "url": "/changelog"
    }
  ]
}
