{
  "main": [
    {
      "name": "Home",
      "url": "/"
    },
    {
      "name": "Acerca de",
      "url": "/about"
    },
    {
      "name": "Tienda",
      "url": "/shop"
    },
    {
      "name": "Noticias ",
      "url": "/news"
    },
    {
      "name": "Blog",
      "url": "/blog"
    },
    {
      "name": "Contacto",
      "url": "/contact"
    }
  ],

  "footer": [
    {
      "name": "Acerca de",
      "url": "/about"
    },
    {
      "name": "Contacto",
      "url": "/contact"
    },
    {
      "name": "Noticias",
      "url": "/news"
    }
  ]
}
