{
  "facebook": "https://www.facebook.com/profile.php?id=61574500296551",
  "twitter": "https://x.com/Equishareedu",
  "instagram": "https://www.instagram.com/equishare_edu/",
  "youtube": "",
  "linkedin": "https://www.linkedin.com/company/equishare-education",
  "github": "",
  "gitlab": "",
  "medium": "",
  "codepen": "",
  "bitbucket": "",
  "dribbble": "",
  "behance": "",
  "pinterest": "",
  "soundcloud": "",
  "tumblr": "",
  "reddit": "",
  "vk": "",
  "whatsapp": "",
  "snapchat": "",
  "vimeo": "",
  "tiktok": "",
  "foursquare": "",
  "rss": "",
  "email": "equishare.education@gmail.com",
  "phone": "",
  "address": "",
  "skype": "",
  "website": ""
}
